Age,DailyRate,DistanceFromHome,Education,EnvironmentSatisfaction,HourlyRate,JobInvolvement,JobLevel,JobSatisfaction,MonthlyIncome,MonthlyRate,NumCompaniesWorked,PercentSalaryHike,PerformanceRating,RelationshipSatisfaction,StockOptionLevel,TotalWorkingYears,TrainingTimesLastYear,WorkLifeBalance,YearsAtCompany,YearsInCurrentRole,YearsSinceLastPromotion,YearsWithCurrManager,Travel,Depart,Degree,Sex,Job,Martial,OT,Attrition
35,750,28,3,2,46,4,2,3,3407,25348,1,17,3,4,2,10,3,2,10,9,6,8,2,2,2,2,3,2,0,No
33,147,2,3,2,99,3,1,3,3600,8429,1,13,3,4,1,5,2,3,5,4,1,4,2,1,1,2,1,2,0,No
26,1330,21,3,1,37,3,1,3,2377,19373,1,20,4,3,1,1,0,2,1,1,0,0,2,2,4,2,3,1,0,No
55,1311,2,3,3,97,3,4,4,16659,23258,2,13,3,3,0,30,2,3,5,4,1,2,2,2,2,1,4,3,1,No
29,1246,19,3,3,77,2,2,3,8620,23757,1,14,3,3,2,10,3,3,10,7,0,4,2,3,2,2,8,1,0,No
51,1456,1,4,1,30,2,3,1,7484,25796,3,20,4,3,0,23,1,2,13,12,12,8,3,2,4,1,2,3,0,No
52,585,29,4,1,40,3,1,4,3482,19788,2,15,3,2,2,16,3,2,9,8,0,0,1,3,2,2,9,1,0,No
39,1387,10,5,2,76,3,2,1,5377,3835,2,13,3,4,3,10,3,3,7,7,7,7,2,2,4,2,5,2,0,No
31,1062,24,3,3,96,2,2,1,6812,17198,1,19,3,2,0,10,2,3,10,9,1,8,2,2,4,1,2,3,0,Yes
31,534,20,3,1,66,3,3,3,9824,22908,3,12,3,1,0,12,2,3,1,0,0,0,3,2,2,2,2,2,0,No
40,1469,9,4,4,35,3,1,2,3617,25063,8,14,3,4,1,3,2,3,1,1,0,0,3,2,4,2,7,1,1,No
31,1082,1,4,3,87,3,1,2,2501,18775,1,17,3,2,0,1,4,3,1,1,1,0,2,2,4,2,7,3,0,No
33,775,4,3,4,90,3,2,2,3055,6194,5,15,3,4,2,11,2,2,9,8,1,7,1,2,6,2,7,1,0,No
50,691,2,3,3,64,3,4,3,17639,6881,5,16,3,4,0,30,3,3,4,3,0,3,2,2,4,2,6,2,0,No
33,516,8,5,4,69,3,2,3,6388,22049,2,17,3,1,0,14,6,3,0,0,0,0,2,2,2,2,2,3,1,No
42,335,23,2,4,37,2,2,3,4332,14811,1,12,3,4,0,20,2,3,20,9,3,7,1,2,2,2,7,3,0,No
33,575,25,3,4,44,2,2,2,4320,24152,1,13,3,4,0,5,2,3,5,3,0,2,2,2,2,2,5,3,0,No
29,694,1,3,4,87,2,4,4,16124,3423,3,14,3,2,2,9,2,2,7,7,1,7,2,2,2,1,6,1,0,No
55,436,2,1,3,37,3,2,4,5160,21519,4,16,3,3,0,12,3,2,9,7,7,3,2,3,4,2,8,3,0,No
49,1184,11,3,3,43,3,3,4,7654,5860,1,18,3,1,2,9,3,4,9,8,7,7,2,3,3,1,8,2,0,No
32,267,29,4,3,49,2,1,2,2837,15919,1,13,3,3,0,6,3,3,6,2,4,1,2,2,2,1,3,3,0,No
50,1126,1,2,4,66,3,4,4,17399,6615,9,22,4,3,1,32,1,2,5,4,1,3,2,2,4,2,6,1,0,No
54,157,10,3,3,77,3,2,1,4440,25198,6,19,3,4,0,9,3,3,5,2,1,4,2,2,4,1,5,3,1,No
24,897,10,3,1,59,3,1,4,2145,2097,0,14,3,4,1,3,2,3,2,2,2,1,3,1,4,2,1,2,0,No
45,1038,20,3,2,95,1,3,1,10851,19863,2,18,3,2,1,24,2,3,7,7,0,7,2,2,4,2,2,1,1,No
36,635,10,4,2,32,3,3,4,9980,15318,1,14,3,4,0,10,3,2,10,3,9,7,1,3,4,2,8,3,0,No
41,552,4,3,3,60,1,2,2,6430,20794,6,19,3,2,1,10,4,3,3,2,1,2,1,1,1,2,1,2,0,No
21,1343,22,1,3,49,3,1,3,3447,24444,1,11,3,3,0,3,2,3,3,2,1,2,2,3,6,2,9,3,0,No
36,335,17,2,3,33,2,2,2,5507,16822,2,16,3,3,2,12,1,1,4,2,1,3,2,3,3,2,8,2,0,No
30,109,5,3,2,60,3,1,2,2422,25725,0,17,3,1,0,4,3,3,3,2,1,2,3,2,4,1,3,3,0,No
35,146,2,4,1,79,2,1,4,4930,13970,0,14,3,3,0,6,2,4,5,4,1,4,3,2,4,2,7,3,1,No
46,717,13,4,3,34,3,2,2,5562,9697,6,14,3,4,0,19,3,3,10,7,0,9,2,2,2,2,2,3,0,No
39,903,2,5,1,41,4,3,3,7880,2560,0,18,3,4,0,9,3,3,8,7,0,7,2,3,2,2,8,3,0,No
35,185,23,4,2,91,1,1,3,2705,9696,0,16,3,2,1,6,2,4,5,4,0,3,2,2,4,2,3,2,0,No
21,1334,10,3,3,36,2,1,1,1416,17258,1,13,3,1,0,1,6,2,1,0,1,0,2,2,2,1,3,3,0,Yes
30,1358,16,1,4,96,3,2,3,5301,2939,8,15,3,3,2,4,2,2,2,1,2,2,2,3,2,2,8,2,0,No
42,555,26,3,3,77,3,4,2,13525,14864,5,14,3,4,1,23,2,4,20,4,4,8,3,3,3,1,8,2,0,No
45,1297,1,4,2,44,3,2,3,5399,14511,4,12,3,3,0,12,3,3,4,2,0,3,3,2,4,2,2,3,0,No
39,672,7,2,3,54,2,5,4,19272,21141,1,15,3,1,1,21,2,3,21,9,13,3,3,2,4,2,4,2,0,No
48,715,1,3,4,76,2,5,4,18265,8733,6,12,3,3,0,25,3,4,1,0,0,0,2,2,2,2,6,3,0,No
38,364,3,5,4,32,3,2,3,4317,2302,3,20,4,2,0,19,2,3,3,2,2,2,2,2,6,1,7,3,1,No
21,546,5,1,3,97,3,1,4,3117,26009,1,18,3,3,0,3,2,3,2,2,2,2,2,2,4,2,7,3,0,No
55,836,8,3,4,33,3,4,3,14756,19730,2,14,3,3,3,21,2,3,5,0,0,2,2,2,4,1,4,1,1,No
59,1429,18,4,4,67,3,3,4,10512,20002,6,12,3,4,0,25,6,2,9,7,5,4,2,2,4,2,5,3,0,No
58,1145,9,3,2,75,2,1,2,3346,11873,4,20,4,2,1,9,3,2,1,0,0,0,2,2,4,1,7,2,1,No
49,1064,2,1,2,42,3,5,4,19161,13738,3,15,3,4,0,28,3,3,5,4,4,3,3,2,2,2,6,2,0,No
52,1490,4,2,4,30,3,4,4,16555,10310,2,13,3,4,0,31,2,1,5,2,1,4,2,2,2,1,4,2,0,No
37,589,9,2,2,46,2,2,2,4189,8800,1,14,3,1,2,5,2,3,5,2,0,3,2,3,3,2,8,2,0,No
37,1413,5,2,3,84,4,1,3,3500,25470,0,14,3,1,0,7,2,1,6,5,1,3,1,2,6,2,3,3,0,No
26,921,1,1,1,66,2,1,3,2007,25265,1,13,3,3,2,5,5,3,5,3,1,3,3,2,4,1,7,1,0,No
52,621,3,4,3,31,2,4,1,16856,10084,1,11,3,1,0,34,3,4,34,6,1,16,2,3,3,2,4,2,0,No
33,1392,3,4,4,56,3,1,3,2909,23159,1,11,3,3,0,8,3,3,8,7,3,0,3,2,2,1,7,2,1,No
32,300,1,3,4,61,3,1,4,2314,9148,0,12,3,2,1,4,2,3,3,0,0,2,1,2,2,2,3,1,0,No
51,1178,14,2,3,87,3,2,4,4936,14862,4,11,3,3,1,18,2,2,7,7,0,7,2,3,2,1,8,2,0,No
39,1329,4,4,4,47,2,2,3,5902,14590,4,14,3,3,1,17,1,4,15,11,5,9,2,3,2,1,8,2,0,No
39,1218,1,1,2,52,3,5,3,19197,8213,1,14,3,3,1,21,3,3,21,8,1,6,3,2,2,2,4,1,1,No
33,527,1,4,4,63,3,1,4,2686,5207,1,13,3,3,0,10,2,2,10,9,7,8,2,2,5,2,7,3,1,No
30,1400,3,3,3,53,3,1,4,2097,16734,4,15,3,3,1,9,3,1,5,3,1,4,1,2,2,2,3,2,0,No
30,979,15,2,3,94,2,3,1,7140,3088,2,11,3,1,1,12,2,3,7,7,1,7,2,3,3,2,8,1,0,No
44,986,8,4,1,62,4,1,4,2818,5044,2,24,4,3,1,10,2,2,3,2,0,2,2,2,2,2,3,2,1,No
40,1398,2,4,3,79,3,5,3,18041,13022,0,14,3,4,0,21,2,3,20,15,1,12,2,3,2,1,4,2,0,No
31,741,2,4,2,69,3,1,3,3477,18103,1,14,3,4,1,6,2,4,5,2,0,3,2,2,2,2,3,2,0,No
20,1097,11,3,4,98,2,1,1,2600,18275,1,15,3,1,0,1,2,3,1,0,0,0,2,2,4,1,7,3,1,Yes
42,481,12,3,3,44,3,4,1,13758,2447,0,12,3,2,0,22,2,2,21,9,13,14,3,3,2,2,8,3,1,Yes
32,495,10,3,3,64,3,3,4,11244,21072,2,25,4,2,0,10,5,4,5,2,0,0,2,2,4,2,4,3,0,No
33,118,16,3,1,69,3,2,1,5324,26507,5,15,3,3,0,6,3,3,3,2,0,2,2,3,3,1,8,3,0,No
53,102,23,4,4,72,3,4,4,14275,20206,6,18,3,3,0,33,0,3,12,9,3,8,2,2,2,1,6,3,0,No
33,1111,5,1,2,61,3,2,4,9998,19293,6,13,3,1,0,8,2,4,5,4,1,2,3,3,2,2,8,2,0,No
24,535,24,3,4,38,3,1,4,2400,5530,0,13,3,3,2,3,3,3,2,2,2,1,3,3,4,2,9,2,0,No
42,603,7,4,2,78,4,2,2,2372,5628,6,16,3,4,0,18,2,3,1,0,0,0,2,2,4,1,7,2,1,No
35,755,9,4,3,97,2,2,2,6540,19394,9,19,3,3,0,10,5,3,1,1,0,0,2,2,2,2,2,3,0,No
44,200,29,4,4,32,3,2,4,4541,7744,1,25,4,2,0,20,3,3,20,11,13,17,2,2,5,2,7,3,0,No
54,376,19,4,4,95,3,2,1,5485,22670,9,11,3,2,2,9,4,3,5,3,1,4,2,2,4,1,5,1,1,No
37,783,7,4,4,78,3,2,1,4284,13588,5,22,4,3,1,16,2,3,5,3,0,4,2,2,4,2,7,2,1,No
43,422,1,3,4,33,3,2,4,5562,21782,4,13,3,2,1,12,2,2,5,2,2,2,3,2,2,1,2,2,0,No
28,640,1,3,4,84,3,1,1,2080,4732,2,11,3,2,0,5,2,2,3,2,1,2,2,2,6,2,7,3,0,No
57,593,1,4,4,88,3,2,3,6755,2967,2,11,3,3,0,15,2,3,3,2,1,2,2,2,4,2,2,2,0,No
30,1312,2,4,4,78,2,1,1,4968,26427,0,16,3,4,0,10,2,3,9,7,0,7,3,2,6,1,7,3,0,No
36,469,3,3,3,46,3,1,2,3692,9256,1,12,3,3,0,12,2,2,11,10,0,7,3,2,6,2,7,2,0,No
36,1041,13,3,3,36,3,1,2,2143,25527,4,13,3,2,1,8,2,3,5,2,0,4,2,1,1,2,1,2,0,No
34,285,29,3,2,86,3,2,3,5429,17491,4,13,3,1,2,10,1,3,8,7,7,7,2,2,4,2,3,2,0,No
34,216,1,4,2,75,4,2,4,9725,12278,0,11,3,4,1,16,2,2,15,1,0,9,2,3,3,2,8,1,0,No
41,1411,19,2,3,36,3,2,1,3072,19877,2,16,3,1,2,17,2,2,1,0,0,0,2,2,2,2,7,1,0,No
34,648,11,3,3,56,2,2,2,4490,21833,4,11,3,4,2,14,5,4,10,9,1,8,3,1,2,2,1,2,0,No
55,147,20,2,2,37,3,2,4,5415,15972,3,19,3,4,1,12,4,3,10,7,0,8,2,2,6,2,3,2,1,No
52,322,28,2,4,59,4,4,3,13247,9731,2,11,3,2,1,24,3,2,5,3,0,2,3,2,4,1,5,2,1,No
34,419,7,4,1,53,3,3,2,11994,21293,0,11,3,3,0,13,4,3,12,6,2,11,2,2,2,1,6,3,0,No
52,771,2,4,1,79,2,5,3,19068,21030,1,18,3,4,0,33,2,4,33,7,15,12,1,3,2,2,4,3,1,No
49,1261,7,3,2,31,2,3,3,10965,12066,8,24,4,3,0,26,2,3,5,2,0,0,2,2,5,2,2,3,0,No
26,1146,8,3,4,38,2,2,1,5326,3064,6,17,3,3,0,6,2,2,4,3,1,2,2,3,6,2,8,3,0,No
44,921,2,3,3,96,4,3,4,7879,14810,1,19,3,2,1,9,2,3,8,7,6,7,2,2,2,1,2,2,1,No
39,792,1,3,4,77,3,2,4,6472,8989,1,15,3,4,1,9,2,3,9,8,5,8,1,2,2,2,3,2,1,No
27,1054,8,3,3,67,3,1,4,3445,6152,1,11,3,3,0,6,5,2,6,2,1,4,2,2,4,1,7,3,0,No
50,1115,1,3,1,73,3,5,2,18172,9755,3,19,3,1,0,28,1,2,8,3,0,7,3,2,2,1,6,2,1,No
40,118,14,2,4,84,3,2,1,4639,11262,1,15,3,3,1,5,2,3,5,4,1,2,2,3,2,1,8,2,0,No
39,766,20,3,3,83,3,2,4,4127,19188,2,18,3,4,1,7,6,3,2,1,2,2,3,3,2,2,8,1,0,No
60,370,1,4,3,92,1,3,4,10883,20467,3,20,4,3,1,19,2,4,1,0,0,0,2,2,4,2,2,1,0,No
39,867,9,2,1,87,3,2,1,5151,12315,1,25,4,4,1,10,3,3,10,0,7,9,2,2,4,2,5,2,0,No
29,992,1,3,3,85,3,1,3,2058,19757,0,14,3,4,0,7,1,2,6,2,1,5,2,2,6,2,7,3,0,No
31,202,8,3,1,34,2,1,2,1261,22262,1,12,3,3,0,1,3,4,1,0,0,0,2,2,2,1,7,3,0,No
41,896,6,3,4,75,3,3,4,13591,14674,3,18,3,3,0,16,3,3,1,0,0,0,2,3,2,1,4,3,1,No
30,829,1,1,3,88,2,3,3,8474,20925,1,22,4,3,0,12,2,3,11,8,5,8,1,2,2,2,5,3,0,No
25,1219,4,1,4,32,3,1,4,3691,4605,1,15,3,2,1,7,3,4,7,7,5,6,2,2,6,2,3,2,1,No
53,1070,3,4,3,45,3,4,3,17584,21016,3,16,3,4,3,21,5,2,5,3,1,3,2,2,4,2,6,2,1,No
30,448,12,4,2,74,2,1,1,2033,14470,1,18,3,3,1,1,2,4,1,0,0,0,3,3,2,2,9,2,0,No
26,1066,2,2,4,32,4,2,4,5472,3334,1,12,3,2,0,8,2,3,8,7,1,3,2,2,4,2,5,2,0,No
36,1302,6,4,1,80,4,2,1,5562,19711,3,13,3,4,1,9,3,3,3,2,0,2,3,2,2,2,3,2,1,No
31,1079,10,2,3,86,3,2,4,6583,20115,2,11,3,4,1,8,2,3,5,2,1,4,2,3,4,1,8,1,1,No
37,807,6,4,3,63,3,1,1,2073,23648,4,22,4,4,0,7,3,3,3,2,0,2,2,1,1,2,1,1,1,No
54,142,26,3,4,30,4,4,4,17328,13871,2,12,3,3,0,23,3,3,5,3,4,4,1,1,1,1,4,3,1,No
35,662,18,4,4,67,3,2,3,4614,23288,0,18,3,3,1,5,0,2,4,2,3,2,3,3,3,1,8,2,1,No
35,1296,5,4,3,62,3,3,2,8095,18264,0,13,3,4,0,17,5,3,16,6,0,13,2,2,6,2,5,3,0,No
37,367,25,2,3,52,2,2,4,5731,17171,7,13,3,3,2,9,2,3,6,2,1,3,2,2,4,1,2,1,0,No
38,1084,29,3,4,54,3,2,4,6261,4185,3,18,3,1,1,9,3,1,7,7,1,7,2,2,6,2,5,2,0,No
58,605,21,3,4,72,3,4,4,17875,11761,4,13,3,3,1,29,2,2,1,0,0,0,2,3,2,1,4,2,1,No
43,775,15,3,4,47,2,2,4,6804,23683,3,18,3,3,1,7,5,3,2,2,2,2,3,3,2,2,8,2,0,No
30,1465,1,3,4,63,3,1,2,3579,9369,0,21,4,1,1,12,2,3,11,9,5,7,2,2,4,2,7,2,1,No
29,121,27,3,2,35,3,3,4,7639,24525,1,22,4,4,3,10,3,2,10,4,1,9,2,3,3,1,8,2,0,No
24,1092,9,3,3,60,2,1,2,2694,26551,1,11,3,3,3,1,4,3,1,0,0,0,1,2,2,2,3,1,0,No
58,682,10,4,4,37,3,4,3,13872,24409,0,13,3,3,0,38,1,2,37,10,1,8,2,3,4,2,8,3,0,No
38,1321,1,4,4,86,3,2,2,4440,7636,0,15,3,1,2,16,3,3,15,13,5,8,2,3,2,2,8,2,0,No
52,319,3,3,4,39,2,3,3,7969,19609,2,14,3,3,0,28,4,3,5,4,0,4,2,2,4,2,5,2,1,No
50,264,9,3,3,59,3,5,3,19331,19519,4,16,3,3,1,27,2,3,1,0,0,0,2,3,3,2,4,2,1,No
36,884,23,2,3,41,4,2,4,2571,12290,4,17,3,3,1,17,3,3,5,2,0,3,3,2,4,2,3,2,0,No
36,607,7,3,1,83,4,2,1,4639,2261,2,16,3,4,1,17,2,2,15,7,6,13,3,3,3,1,8,2,0,No
53,868,8,3,1,73,3,4,4,11836,22789,5,14,3,3,1,28,3,3,2,0,2,2,2,3,3,2,8,2,0,No
29,1396,10,3,3,99,3,1,3,2642,2755,1,11,3,3,0,1,6,3,1,0,0,0,2,3,2,2,9,3,0,No
50,1099,29,4,2,88,2,4,3,17046,9314,0,15,3,2,1,28,2,3,27,10,15,7,2,2,2,2,4,2,0,No
54,821,5,2,1,86,3,5,1,19406,8509,4,11,3,3,1,24,4,2,4,2,1,2,2,2,4,2,6,2,0,No
36,894,1,4,4,33,2,2,3,4374,15411,0,15,3,3,0,4,6,3,3,2,1,2,1,2,4,1,5,2,0,No
56,310,7,2,4,72,3,1,3,2339,3666,8,11,3,4,1,14,4,1,10,9,9,8,2,2,6,2,3,2,0,No
44,136,28,3,4,32,3,4,1,16328,22074,3,13,3,3,1,24,1,4,20,6,14,17,2,2,2,2,6,2,0,No
49,1091,1,2,3,90,2,4,3,13964,17810,7,12,3,4,0,25,2,3,7,1,0,7,2,2,6,1,2,3,1,No
32,414,2,4,3,82,2,2,2,9907,26186,7,12,3,3,0,7,3,2,2,2,2,2,2,3,3,2,8,3,1,No
55,111,1,2,1,70,3,3,4,10239,18092,3,14,3,4,1,24,4,3,1,0,1,0,2,3,2,2,8,2,0,No
35,1315,22,3,2,71,4,3,2,11996,19100,7,18,3,2,1,10,6,2,7,7,6,2,2,2,2,1,4,1,0,No
36,1425,14,1,3,68,3,2,4,6586,4821,0,17,3,1,1,17,2,2,16,8,4,11,2,2,2,2,2,2,1,No
42,1210,2,3,3,68,2,1,2,4841,24052,4,14,3,2,1,4,3,3,1,0,0,0,2,2,4,2,3,2,0,No
27,1277,8,5,1,87,1,1,3,4621,5869,1,19,3,4,3,3,4,3,3,2,1,2,1,2,2,2,3,2,0,No
46,849,26,2,2,98,2,2,2,7991,25166,8,15,3,3,0,6,3,3,2,2,2,2,1,3,2,2,8,3,0,No
45,194,9,3,2,60,3,2,2,2348,10901,8,18,3,3,1,20,2,1,17,9,0,15,2,2,2,2,3,1,0,No
42,570,8,3,2,66,3,5,4,18430,16225,1,13,3,2,1,24,4,2,24,7,14,9,3,2,2,2,4,1,0,No
40,448,16,3,3,84,3,3,4,7945,19948,6,15,3,4,0,18,2,2,4,2,3,3,2,2,2,1,5,3,1,No
32,120,6,5,3,43,3,1,3,3038,12430,3,20,4,1,0,8,2,3,5,4,1,4,2,2,2,2,7,3,0,No
45,538,1,4,1,66,3,3,2,7441,20933,1,12,3,1,3,10,4,3,10,8,7,7,2,2,6,2,2,1,0,No
41,143,4,3,1,56,3,2,2,9355,9558,1,18,3,3,0,8,5,3,8,7,7,7,3,3,3,2,8,3,0,No
42,188,29,3,2,56,1,2,4,4272,9558,4,19,3,1,0,16,3,3,1,0,0,0,2,2,4,2,3,3,0,No
31,667,1,4,2,50,1,1,3,1359,16154,1,12,3,2,0,1,3,3,1,0,0,0,3,3,2,1,9,3,0,No
28,1117,8,2,4,66,3,1,4,3310,4488,1,21,4,4,0,5,3,3,5,3,0,2,2,2,2,1,7,3,0,No
55,685,26,5,3,60,2,5,4,19586,23037,1,21,4,3,1,36,3,3,36,6,2,13,2,3,3,2,4,2,0,No
33,832,5,4,3,63,2,1,4,2911,14776,1,13,3,3,1,2,2,2,2,2,0,2,2,2,2,1,7,2,0,No
53,346,6,3,4,86,3,2,4,2450,10919,2,17,3,4,0,19,4,3,2,2,2,2,2,2,2,2,3,3,0,No
40,530,1,4,3,78,2,4,2,13503,14115,1,22,4,4,1,22,3,2,22,3,11,11,3,2,2,2,2,2,0,No
30,1092,10,3,1,64,3,3,3,9667,2739,9,14,3,2,0,9,3,3,7,7,0,2,2,2,4,1,5,3,0,No
40,804,2,1,4,86,2,1,4,2342,22929,0,20,4,4,0,5,2,2,4,2,2,3,2,2,4,1,7,3,1,No
31,329,1,2,4,98,2,1,1,2218,16193,1,12,3,3,1,4,3,3,4,2,3,2,2,2,2,2,3,2,0,No
34,999,26,1,1,92,2,1,3,2029,15891,1,20,4,3,3,5,2,3,5,4,0,0,1,2,6,1,7,1,0,No
40,299,25,4,4,57,2,3,2,9094,17235,2,12,3,3,0,9,2,3,5,4,1,0,2,3,3,2,8,3,1,No
21,391,15,2,3,96,3,1,4,1232,19281,1,14,3,4,0,0,6,3,0,0,0,0,2,2,2,2,7,3,0,No
35,1097,11,2,3,79,2,3,1,9884,8302,2,13,3,3,1,10,3,3,4,0,2,3,1,2,4,2,2,2,1,No
40,369,8,2,2,92,3,2,1,6516,5041,2,16,3,2,1,18,3,3,1,0,0,0,2,2,2,1,5,2,1,No
28,1083,29,1,3,96,1,2,2,6549,3173,1,14,3,2,2,8,2,2,8,6,1,7,2,2,2,2,5,2,0,Yes
34,699,6,1,2,83,3,1,1,2960,17102,2,11,3,3,0,8,2,3,4,2,1,3,2,2,4,2,7,3,0,No
29,806,7,3,2,39,3,1,3,3339,17285,3,13,3,1,2,10,2,3,7,7,7,7,2,2,6,1,3,1,1,No
42,1265,3,3,3,95,4,2,4,5231,23726,2,13,3,2,1,17,1,2,5,3,1,3,2,2,2,1,3,2,1,No
29,1283,23,3,4,54,3,1,4,2201,18168,9,16,3,4,0,6,4,3,3,2,1,2,2,2,2,2,7,3,0,No
51,237,9,3,4,83,3,5,2,19847,19196,4,24,4,1,1,31,5,2,29,10,11,10,3,3,2,2,4,1,1,No
27,210,1,1,3,73,3,2,2,6349,22107,0,13,3,4,1,6,0,3,5,4,1,4,1,3,3,2,8,2,1,No
50,1207,28,1,4,74,4,1,3,3221,3297,1,11,3,3,3,20,3,3,20,8,3,8,2,2,4,2,3,2,1,No
35,195,1,3,1,80,3,2,3,4859,6698,1,16,3,4,0,5,3,3,5,4,0,3,2,3,4,1,8,3,0,No
25,180,2,1,1,65,4,1,1,3424,21632,7,13,3,3,0,6,3,2,4,3,0,1,2,2,4,2,7,3,0,No
44,935,3,3,1,89,3,1,1,2362,14669,4,12,3,3,0,10,4,4,3,2,1,2,2,2,2,2,3,2,0,No
27,975,7,3,4,55,2,2,1,6811,23398,8,19,3,1,0,9,2,1,7,6,0,7,2,2,4,1,2,3,0,Yes
38,1380,9,2,3,75,3,1,4,2288,6319,1,12,3,3,0,2,3,3,2,2,2,1,2,2,2,1,3,3,0,No
27,1469,1,2,4,82,3,1,2,3816,17881,1,11,3,2,1,5,2,3,5,2,0,4,2,2,4,2,3,1,0,No
49,279,8,1,3,61,2,2,2,5130,24907,1,23,4,4,1,10,3,3,10,7,1,7,3,2,2,2,7,2,0,No
49,1418,1,3,3,36,3,1,1,3580,10554,2,16,3,2,1,7,2,3,4,2,0,2,2,2,6,1,7,2,0,No
35,1349,7,2,3,63,2,1,4,2690,7713,1,18,3,4,1,1,5,2,1,0,0,1,2,2,2,2,3,2,0,No
44,1315,3,4,4,35,3,5,4,19513,9358,4,12,3,1,1,26,2,4,2,2,0,1,2,2,5,2,4,2,1,No
44,1448,28,3,4,53,4,4,4,13320,11737,3,18,3,3,1,23,2,3,12,11,11,11,2,3,4,1,8,2,1,No
26,575,1,2,1,71,1,1,4,4364,5288,3,14,3,1,1,5,2,3,2,2,2,0,3,2,2,1,3,1,0,No
43,1273,2,2,4,72,4,1,3,2645,21923,1,12,3,4,2,6,3,2,5,3,1,4,2,2,4,1,7,1,0,No
50,328,1,3,3,86,2,1,3,3690,3425,2,15,3,4,1,5,2,2,3,2,0,2,2,2,4,2,3,2,0,No
41,930,3,3,3,57,2,2,2,8938,12227,2,11,3,3,1,14,5,3,5,4,0,4,2,3,2,2,8,1,0,No
43,982,12,3,1,59,2,4,2,14336,4345,1,11,3,3,1,25,3,3,25,10,3,9,2,2,2,2,6,1,0,No
53,238,1,1,4,34,3,2,1,8381,7507,7,20,4,4,0,18,2,4,14,7,8,10,2,3,4,1,8,3,0,No
45,1005,28,2,4,48,2,4,2,16704,17119,1,11,3,3,0,21,2,3,21,6,8,6,2,2,6,1,6,3,0,No
20,805,3,3,1,87,2,1,3,3033,12828,1,12,3,1,0,2,2,2,2,2,1,2,2,2,2,2,3,3,0,Yes
54,966,1,4,4,53,3,3,3,10502,9659,7,17,3,1,1,33,2,1,5,4,1,4,3,2,2,1,5,1,0,No
39,524,18,2,1,32,3,2,3,4534,13352,0,11,3,1,0,9,6,3,8,7,1,7,2,2,2,2,5,3,0,No
30,1334,4,2,3,63,2,2,2,5209,19760,1,12,3,2,3,11,4,2,11,8,2,7,2,3,4,1,8,1,1,No
39,170,3,2,3,76,2,2,3,3069,10302,0,15,3,4,1,11,3,3,10,8,0,7,2,2,4,2,3,1,0,No
35,819,18,5,2,48,4,2,1,5208,26312,1,11,3,4,0,16,2,3,16,15,1,10,2,2,2,2,7,2,0,No
38,1186,3,4,3,44,3,1,3,2821,2997,3,16,3,1,1,8,2,3,2,2,2,2,3,2,5,2,7,2,0,No
25,622,13,1,2,40,3,1,3,2096,26376,1,11,3,3,0,7,1,3,7,4,0,6,2,3,4,2,9,2,0,No
29,738,9,5,2,30,2,1,4,3983,7621,0,17,3,3,0,4,2,3,3,2,2,2,2,2,5,2,3,3,0,No
34,988,23,3,2,43,3,3,1,9950,11533,9,15,3,3,3,11,2,3,3,2,0,2,3,1,1,1,1,1,1,No
31,979,1,4,3,90,1,2,3,4345,4381,0,12,3,4,1,6,2,3,5,4,1,4,1,2,4,2,5,2,0,No
51,770,5,3,3,84,3,4,2,14026,17588,1,11,3,2,1,33,2,3,33,9,0,10,2,1,2,2,4,1,1,No
54,155,9,2,1,67,3,2,3,2897,22474,3,11,3,3,2,9,6,2,4,3,2,3,2,2,2,1,7,2,0,No
41,840,9,3,1,64,3,5,3,19419,3735,2,17,3,2,1,21,2,4,18,16,0,11,3,2,4,2,6,1,0,No
28,1181,1,3,3,82,3,1,4,2044,5531,1,11,3,3,1,5,6,4,5,3,0,3,2,2,2,2,7,2,0,No
39,1431,1,4,3,96,3,1,3,2232,15417,7,14,3,3,3,7,1,3,3,2,1,2,2,2,4,1,3,1,0,No
36,363,1,3,3,77,1,3,1,10252,4235,2,21,4,3,1,17,2,3,7,7,7,7,2,2,6,1,5,1,1,No
53,661,1,4,1,60,2,4,3,12965,22308,4,20,4,4,3,27,2,2,3,2,0,2,1,2,4,1,5,2,1,No
31,140,12,1,3,95,3,1,4,3929,6984,8,23,4,3,1,7,0,3,4,2,0,2,2,2,4,1,7,2,1,No
28,304,9,4,2,92,3,2,4,5253,20750,1,16,3,4,0,7,1,3,7,5,0,7,2,3,2,2,8,3,0,No
33,1283,2,3,4,62,3,2,2,5147,10697,8,15,3,4,0,13,2,2,11,7,1,7,1,3,3,1,8,3,0,No
38,437,16,3,2,90,3,2,2,4198,16379,2,12,3,2,0,8,5,4,3,2,1,2,2,3,2,1,8,3,0,No
50,854,1,4,4,68,3,5,4,19517,24118,3,11,3,3,1,32,3,2,7,0,0,6,2,3,4,1,4,1,0,No
26,575,3,1,3,73,3,1,1,3102,6582,0,22,4,3,0,7,2,3,6,4,0,4,3,2,6,2,7,3,0,No
45,549,8,4,4,75,3,2,4,3697,9278,9,14,3,1,2,12,3,3,10,9,9,8,2,2,5,2,7,2,0,No
38,240,2,4,1,75,4,2,1,5980,26085,6,12,3,4,0,17,2,3,15,7,4,12,3,2,2,1,5,3,1,No
32,638,8,2,3,91,4,2,3,5175,22162,5,12,3,3,1,9,3,2,5,3,1,3,2,2,4,1,7,2,0,No
42,201,1,4,2,95,3,1,1,2576,20490,3,16,3,2,1,8,5,3,5,2,1,2,2,2,2,1,3,1,0,No
34,1440,7,2,2,55,3,1,3,2308,4944,0,25,4,2,1,12,4,3,11,10,5,7,2,3,6,2,9,2,1,No
29,598,9,3,3,91,4,1,3,2451,22376,6,18,3,1,2,5,2,2,1,0,0,0,2,2,2,2,7,2,0,No
31,330,22,4,4,98,3,2,3,6179,21057,1,15,3,4,2,10,3,2,10,2,6,7,2,2,4,2,5,2,1,No
23,1309,26,1,3,83,3,1,4,2904,16092,1,12,3,3,2,4,2,2,4,2,0,2,2,2,2,2,7,1,0,No
36,217,18,4,1,78,3,2,4,7779,23238,2,20,4,1,0,18,0,3,11,9,0,9,1,2,2,2,5,3,0,No
30,570,5,3,4,30,2,2,3,6118,5431,1,13,3,3,3,10,2,3,10,9,1,2,2,3,3,1,8,1,0,No
29,1090,10,3,4,83,3,1,2,2297,17967,1,14,3,4,2,2,2,3,2,2,2,2,2,3,3,2,9,1,0,No
42,532,4,2,3,58,3,5,4,19232,4933,1,11,3,4,0,22,3,3,22,17,11,15,2,2,6,2,4,2,0,No
51,684,6,3,1,51,3,5,3,19537,6462,7,13,3,3,0,23,5,3,20,18,15,15,2,2,2,2,6,3,0,No
22,1230,1,2,4,33,2,2,4,4775,19146,6,22,4,1,2,4,2,1,2,2,2,2,2,2,2,2,5,2,0,No
35,1276,16,3,4,72,3,3,3,7632,14295,4,12,3,3,0,10,2,3,8,7,0,0,2,2,2,2,2,2,1,No
35,482,4,4,3,87,3,2,3,4249,2690,1,11,3,2,0,9,3,3,9,6,1,1,3,2,2,2,7,3,1,No
35,1199,18,4,3,80,3,2,3,5689,24594,1,14,3,4,2,10,2,4,10,2,0,2,3,2,2,2,2,2,1,No
40,1124,1,2,2,57,1,2,4,7457,13273,2,22,4,3,3,6,2,2,4,3,0,2,2,3,4,2,8,2,1,No
37,1107,14,3,4,95,3,1,1,3034,26914,1,12,3,3,1,18,2,2,18,7,12,17,2,2,2,1,3,1,0,No
35,104,2,3,1,69,3,1,1,2074,26619,1,12,3,4,1,1,2,3,1,0,0,0,2,2,2,1,3,1,1,No
25,141,3,1,3,98,3,2,1,4194,14363,1,18,3,4,0,5,3,3,5,3,0,3,2,3,5,2,8,2,1,No
44,1199,4,2,3,92,4,5,1,19190,17477,1,14,3,4,2,26,4,2,25,9,14,13,2,2,2,2,4,1,0,No
35,144,22,3,4,46,1,1,3,4230,19225,0,15,3,3,0,6,2,3,5,4,4,3,2,2,2,2,3,3,0,No
31,754,26,4,1,63,3,2,4,5617,21075,1,11,3,3,0,10,4,3,10,7,0,8,3,3,3,2,8,2,1,No
35,1258,1,4,4,40,4,1,3,2506,13301,3,13,3,3,0,7,0,3,2,2,2,2,2,2,2,1,7,3,0,No
33,924,2,3,3,78,3,1,4,2496,6670,4,11,3,4,0,7,3,3,1,1,0,0,2,2,4,2,3,3,0,No
29,441,8,1,3,39,1,2,1,9715,7288,3,13,3,3,1,9,3,3,7,7,0,7,2,2,5,1,2,2,0,No
55,452,1,3,4,81,3,5,1,19045,18938,0,14,3,3,0,37,2,3,36,10,4,13,2,2,4,2,4,3,1,No
55,1117,18,5,1,83,3,4,2,16835,9873,3,23,4,4,0,37,2,3,10,9,7,7,2,3,2,1,4,3,0,No
22,581,1,2,4,63,3,1,3,3375,17624,0,12,3,4,0,4,2,4,3,2,1,2,2,2,2,2,7,3,0,No
32,953,5,4,2,65,3,1,2,2718,17674,2,14,3,2,0,12,3,3,7,7,0,7,1,2,6,2,7,3,0,No
50,1464,2,4,2,62,3,5,3,19237,12853,2,11,3,4,1,29,2,2,8,1,7,7,2,2,4,2,6,2,1,No
36,1174,3,4,1,99,3,2,2,9278,20763,3,16,3,4,0,15,3,3,5,4,0,1,2,3,3,1,8,3,1,No
40,1395,26,3,2,54,3,2,2,5605,8504,1,11,3,1,1,20,2,3,20,7,2,13,3,2,4,1,7,1,0,No
33,827,1,4,3,84,4,2,2,5488,20161,1,13,3,1,1,6,2,3,6,5,1,2,3,2,5,1,2,2,1,No
31,523,2,3,2,94,3,1,4,3722,21081,6,13,3,3,1,7,2,1,2,2,2,2,3,2,2,2,3,2,1,No
26,991,6,3,3,71,3,1,4,2659,17759,1,13,3,3,1,3,2,3,3,2,0,2,2,2,2,1,3,2,1,No
31,1445,1,5,3,100,4,3,2,7446,8931,1,11,3,1,0,10,2,3,10,8,4,7,3,2,2,1,5,3,0,No
35,735,6,1,3,66,3,1,3,3506,6020,0,14,3,4,0,4,3,3,3,2,2,2,2,2,2,2,7,2,1,No
33,1017,25,3,1,55,2,1,2,2313,2993,4,20,4,2,0,5,0,3,2,2,2,2,2,2,4,2,7,3,1,No
41,247,7,1,2,55,1,5,3,19973,20284,1,22,4,2,2,21,3,3,21,16,5,10,1,2,2,1,6,1,0,No
41,427,10,4,2,73,2,5,4,19141,8861,3,15,3,2,3,23,2,2,21,6,12,6,2,1,1,2,4,1,0,No
27,443,3,3,4,50,3,1,4,1706,16571,1,11,3,3,3,0,6,2,0,0,0,0,1,2,4,2,7,2,0,No
46,406,3,1,1,52,3,4,3,17465,15596,3,12,3,4,1,23,3,3,12,9,4,9,2,3,3,2,4,2,0,No
50,1046,10,3,4,100,2,3,4,10496,2755,6,15,3,4,0,20,2,3,4,3,1,3,2,2,6,2,2,3,0,No
45,1199,7,4,1,77,4,2,3,6434,5118,4,17,3,4,1,9,1,3,3,2,0,2,3,2,2,2,5,2,0,No
30,879,9,2,3,72,3,2,3,4695,12858,7,18,3,3,0,10,3,3,8,4,1,7,1,2,4,1,5,3,1,No
26,950,4,4,4,48,2,2,4,5828,8450,1,12,3,2,0,8,0,3,8,7,7,4,2,3,3,2,8,3,1,No
40,1137,1,4,1,98,3,4,1,16823,18991,2,11,3,1,1,22,3,3,19,7,11,16,2,2,2,2,4,1,0,No
55,1136,1,4,2,81,4,4,4,14732,12414,2,13,3,4,2,31,4,4,7,7,0,0,2,2,4,2,6,1,0,No
31,587,2,4,4,57,3,3,3,9852,8935,1,19,3,1,1,10,5,2,10,8,9,6,1,3,2,1,8,1,1,No
33,722,17,3,4,38,3,4,3,17444,20489,1,11,3,4,0,10,2,3,10,8,6,0,1,3,2,2,4,3,0,No
50,878,1,4,2,94,3,2,3,6728,14255,7,12,3,4,2,12,3,3,6,3,0,1,3,3,2,2,8,1,0,No
24,673,11,2,1,96,4,2,3,4011,8232,0,18,3,4,1,5,5,2,4,2,1,3,1,2,5,1,5,1,0,No
45,950,28,3,4,97,3,1,4,2132,4585,4,20,4,4,1,8,3,3,5,4,0,3,2,2,6,2,7,2,0,No
53,1395,24,4,2,48,4,3,4,7005,3458,3,15,3,3,0,11,2,3,4,3,1,2,2,2,4,2,2,2,0,No
31,525,6,4,1,66,4,2,4,5460,6219,4,22,4,4,2,13,4,4,7,7,5,7,2,3,4,2,8,1,0,No
39,592,2,3,1,54,2,1,1,3646,17181,2,23,4,2,0,11,2,4,1,0,0,0,1,2,2,1,3,3,1,No
35,583,25,4,3,57,3,3,3,10388,6975,1,11,3,3,1,16,3,2,16,10,10,1,2,2,4,1,2,1,1,No
38,723,2,4,2,77,1,2,4,5405,4244,2,20,4,1,2,20,4,2,4,2,0,3,2,3,3,1,9,2,1,No
23,1243,6,3,3,63,4,1,1,1601,3445,1,21,4,3,2,1,2,3,0,0,0,0,2,2,2,2,3,2,1,No
31,325,5,3,2,74,3,2,1,9936,3787,0,19,3,2,0,10,2,3,9,4,1,7,1,2,4,2,5,3,0,No
21,156,12,3,3,90,4,1,2,2716,25422,1,15,3,4,0,1,0,3,1,0,0,0,2,3,2,1,9,3,0,No
19,489,2,2,1,52,2,1,4,2564,18437,1,12,3,3,0,1,3,4,1,0,0,0,2,1,6,2,1,3,0,No
29,592,7,3,4,59,3,1,1,2062,19384,3,14,3,2,0,11,2,3,3,2,1,2,2,2,2,2,3,3,0,No
26,1283,1,3,3,52,2,2,1,4294,11148,1,12,3,2,0,7,2,3,7,7,0,7,3,3,4,2,8,3,0,Yes
43,574,11,3,1,30,3,3,3,7510,16873,1,17,3,2,1,10,1,3,10,9,0,9,2,2,2,2,2,2,0,No
32,371,19,3,4,80,1,3,3,9610,3840,3,13,3,3,1,10,2,1,4,3,0,2,2,3,2,2,8,2,0,No
22,534,15,3,2,59,3,1,4,2871,23785,1,15,3,3,0,1,5,3,0,0,0,0,2,2,4,1,3,3,0,No
28,1404,17,3,3,32,2,1,4,2367,18779,5,12,3,1,1,6,2,2,4,1,0,3,2,2,6,2,3,1,0,No
29,806,1,4,2,76,1,1,4,2720,18959,1,18,3,4,1,10,5,3,10,7,2,8,3,2,2,2,7,1,0,No
54,1082,2,4,3,41,2,3,3,10686,8392,6,11,3,2,1,13,4,3,9,4,7,0,2,3,2,1,8,2,0,No
56,1240,9,3,1,63,3,1,3,2942,12154,2,19,3,2,1,18,4,3,5,4,0,3,3,2,4,1,7,2,0,No
29,115,13,3,1,51,3,2,2,5765,17485,5,11,3,1,0,7,4,1,5,3,0,0,3,3,6,1,8,3,0,Yes
23,1320,8,1,4,93,2,1,3,3989,20586,1,11,3,1,0,5,2,3,5,4,1,2,2,2,4,2,3,3,1,No
41,1085,2,4,2,57,1,1,4,2778,17725,4,13,3,3,1,10,1,2,7,7,1,0,2,2,2,1,3,1,1,No
27,1220,5,3,3,85,3,1,2,2478,20938,1,12,3,2,0,4,2,2,4,3,1,2,2,2,2,1,7,3,1,No
44,920,24,3,4,43,3,1,3,3161,19920,3,22,4,4,1,19,0,1,1,0,0,0,3,2,2,2,3,1,1,No
22,604,6,1,1,69,3,1,3,2773,12145,0,20,4,4,0,3,3,3,2,2,2,2,2,2,4,2,7,2,0,No
44,625,4,3,4,50,3,2,2,5933,5197,9,12,3,4,0,10,2,2,5,2,2,3,2,2,4,2,2,3,0,No
37,571,10,1,4,82,3,1,1,2782,19905,0,13,3,2,2,6,3,2,5,3,4,3,2,2,2,1,7,1,1,No
30,241,7,3,2,48,2,1,2,2141,5348,1,12,3,2,1,6,3,2,6,4,1,1,2,2,4,2,7,2,0,No
49,1023,2,3,4,63,2,2,2,5390,13243,2,14,3,4,0,17,3,2,9,6,0,8,3,3,4,2,8,2,0,No
26,474,3,3,1,89,3,1,4,2061,11133,1,21,4,1,0,1,5,3,1,0,0,0,2,2,2,1,7,2,0,No
36,938,2,4,3,79,3,1,3,2519,12287,4,21,4,3,0,16,6,3,11,8,3,9,2,2,4,2,3,3,0,No
32,1093,6,4,2,87,3,2,3,5010,24301,1,16,3,1,0,12,0,3,11,8,5,7,2,3,4,2,8,3,0,No
26,1357,25,3,1,48,1,1,3,2293,10558,1,12,3,3,0,1,2,2,1,0,0,1,2,2,2,2,3,3,0,Yes
45,252,1,3,3,70,4,5,4,19202,15970,0,11,3,3,1,25,2,3,24,0,1,7,2,2,5,2,4,2,0,No
47,249,2,2,3,35,3,2,4,4537,17783,0,22,4,1,1,8,2,3,7,6,7,7,2,3,3,1,8,2,1,No
